Team,Season,MP,Age,Poss,NPG90,Ast90,Sh90,Dist,SoT90,GperSoT,SoT_Pct,GperSh,SoTA90,SavePct,CS_Pct,OppPKatt,TklW90,Int90,AerWonPct,Fls90,Fld90,CrdY90,CrdR90
Augsburg,2022,34,25.9,41.7,1.088235294117647,0.8529411764705882,10.41,,2.97,0.41,28.5,0.12,5.911764705882353,68.7,17.6,4,8.794117647058824,8.411764705882353,,12.735294117647058,10.470588235294118,2.823529411764706,0.14705882352941177
Bayern Munich,2022,34,26.6,64.2,2.5588235294117645,1.9705882352941178,18.38,,7.38,0.36,40.2,0.14,3.1470588235294117,64.5,32.4,10,11.382352941176471,8.441176470588236,,9.0,9.852941176470589,1.4411764705882353,0.08823529411764706
Bochum,2022,34,29.4,46.1,1.0,0.8235294117647058,11.68,,3.74,0.29,32.0,0.09,5.882352941176471,64.0,14.7,14,11.352941176470589,9.911764705882353,,12.617647058823529,10.411764705882353,1.8823529411764706,0.029411764705882353
Dortmund,2022,34,25.8,58.2,2.264705882352941,1.7941176470588236,16.41,,6.44,0.37,39.2,0.15,4.470588235294118,71.1,35.3,1,9.823529411764707,8.764705882352942,,9.470588235294118,11.970588235294118,1.9411764705882353,0.0
Frankfurt,2022,34,26.4,52.9,1.4705882352941178,0.9705882352941176,11.74,,3.88,0.42,33.1,0.14,3.9705882352941178,61.5,17.6,2,10.5,8.352941176470589,,12.617647058823529,11.088235294117647,2.088235294117647,0.029411764705882353
Freiburg,2022,34,27.4,48.1,1.2941176470588236,1.0,12.12,,4.91,0.31,40.5,0.12,4.411764705882353,70.7,38.2,6,8.5,9.558823529411764,,11.882352941176471,12.470588235294118,1.8235294117647058,0.058823529411764705
Gladbach,2022,34,26.8,53.7,1.411764705882353,1.1470588235294117,11.85,,4.88,0.31,41.2,0.13,5.294117647058823,69.4,26.5,6,8.088235294117647,7.852941176470588,,9.941176470588236,13.147058823529411,1.8235294117647058,0.08823529411764706
Hertha,2022,34,26.0,42.0,1.0294117647058822,0.6764705882352942,11.09,,3.56,0.35,32.1,0.11,5.0,59.4,8.8,6,10.117647058823529,10.764705882352942,,12.411764705882353,11.588235294117647,2.411764705882353,0.029411764705882353
Hoffenheim,2022,34,26.8,48.3,1.1470588235294117,0.8823529411764706,11.71,,3.82,0.35,32.7,0.12,4.735294117647059,64.6,14.7,3,9.5,8.382352941176471,,13.852941176470589,10.823529411764707,2.3529411764705883,0.14705882352941177
Köln,2022,34,26.0,49.9,1.2352941176470589,0.9117647058823529,12.15,,4.29,0.32,35.4,0.11,3.7941176470588234,58.1,17.6,5,10.882352941176471,10.941176470588236,,11.764705882352942,10.352941176470589,2.2058823529411766,0.08823529411764706
Leverkusen,2022,34,24.7,52.0,1.5294117647058822,1.2941176470588236,12.71,,4.71,0.36,37.0,0.13,4.294117647058823,66.4,26.5,7,8.235294117647058,8.647058823529411,,11.235294117647058,12.029411764705882,2.2058823529411766,0.20588235294117646
Mainz 05,2022,34,27.0,44.8,1.4705882352941178,1.0294117647058822,12.18,,4.47,0.36,36.7,0.13,4.5,64.1,20.6,8,10.029411764705882,12.735294117647058,,14.0,9.823529411764707,2.0294117647058822,0.029411764705882353
RB Leipzig,2022,34,26.3,58.1,1.7058823529411764,1.1470588235294117,14.62,,5.35,0.35,36.6,0.13,3.1176470588235294,61.3,29.4,8,9.176470588235293,9.117647058823529,,11.558823529411764,11.823529411764707,2.0294117647058822,0.058823529411764705
Schalke 04,2022,34,27.5,46.0,0.8235294117647058,0.7058823529411765,12.38,,3.62,0.26,29.2,0.08,5.676470588235294,63.2,20.6,6,9.676470588235293,9.0,,12.558823529411764,11.5,2.0,0.029411764705882353
Stuttgart,2022,34,24.7,50.2,1.1764705882352942,1.0,13.44,,4.12,0.32,30.6,0.1,4.294117647058823,61.0,5.9,6,9.294117647058824,9.058823529411764,,10.176470588235293,11.970588235294118,2.1176470588235294,0.14705882352941177
Union Berlin,2022,34,27.9,43.8,1.3529411764705883,1.1176470588235294,11.0,,3.32,0.43,30.2,0.13,4.235294117647059,73.6,38.2,7,8.176470588235293,7.705882352941177,,13.088235294117647,10.147058823529411,1.911764705882353,0.058823529411764705
Werder Bremen,2022,34,27.4,49.3,1.3235294117647058,1.088235294117647,10.68,,4.0,0.37,37.5,0.14,5.411764705882353,65.2,11.8,3,10.264705882352942,9.441176470588236,,12.529411764705882,10.852941176470589,2.235294117647059,0.029411764705882353
Wolfsburg,2022,34,24.8,50.6,1.5,1.2941176470588236,11.79,,4.06,0.4,34.4,0.14,4.323529411764706,67.3,35.3,7,9.529411764705882,8.588235294117647,,11.470588235294118,13.264705882352942,1.8529411764705883,0.0
