Date,HomeTeam,AwayTeam,FTHG,FTAG,is_fixture,match_id,HomeElo,AwayElo,EloDiff,HomeRestDays,Home_GF5,Home_GA5,Home_PPM5,HomeGF_Home,AwayRestDays,Away_GF5,Away_GA5,Away_PPM5,AwayGA_Away,Home_PrevPoss,Home_PrevSoTA90,Home_PrevSavePct,Home_PrevCrdY90,Home_PrevCrdR90,HomeNoPrev,Away_PrevPoss,Away_PrevSoTA90,Away_PrevSavePct,Away_PrevCrdY90,Away_PrevCrdR90,AwayNoPrev
2026-08-28 18:30:00,Bayern München,VfB Stuttgart,5,1,False,917,1729.5278783373099,1587.704465055487,141.82341328182292,14.0,3.4,1.8,2.6,4.0,14.0,2.2,2.2,1.2,2.6,67.5,3.088235294117647,65.7,1.7058823529411764,0.0588235294117647,0.0,57.7,4.617647058823529,68.8,1.8529411764705883,0.0588235294117647,0.0
2026-08-29 13:30:00,07 Elversberg,Bayer 04 Leverkusen,3,2,False,918,1450.0,1590.2654270143546,-140.2654270143546,14.0,1.6002178649237473,1.6002178649237473,1.3730936819172113,1.6002178649237473,14.0,1.8,1.6,1.4,2.0,44.625,5.014705882352941,63.349999999999994,2.0808823529411766,0.088235294117647,1.0,59.2,4.911764705882353,71.9,2.0588235294117645,0.0588235294117647,0.0
2026-08-29 13:30:00,1. Union Berlin,Eintracht Frankfurt,3,3,False,919,1455.8228889166812,1502.6203668746473,-46.797477957966066,14.0,2.2,1.6,1.4,1.8,14.0,1.4,2.2,0.4,1.4,40.2,4.411764705882353,61.3,2.088235294117647,0.088235294117647,0.0,55.0,4.823529411764706,60.4,1.8235294117647056,0.1176470588235294,0.0
2026-08-29 13:30:00,1. Köln,TSG 1899 Hoffenheim,3,2,False,920,1425.4842360240511,1538.8446441694568,-113.3604081454057,14.0,1.2,2.6,0.4,1.8,14.0,1.6,1.8,2.0,2.8,47.0,4.5588235294117645,59.4,1.8823529411764703,0.088235294117647,0.0,55.3,4.411764705882353,65.3,2.147058823529412,0.088235294117647,0.0
2026-08-29 13:30:00,RB Leipzig,Borussia Mönchengladbach,3,0,False,921,1571.192230420634,1475.4862080644284,95.7060223562055,14.0,2.0,2.2,1.8,2.6,14.0,1.4,0.8,1.6,2.2,54.0,3.823529411764706,63.8,1.5294117647058822,0.0,0.0,46.7,5.5588235294117645,72.0,1.7647058823529411,0.088235294117647,0.0
2026-08-29 13:30:00,1. FSV Mainz 05,SC Paderborn 07,0,0,False,922,1506.9936861785934,1450.0,56.99368617859341,14.0,1.8,1.8,1.4,1.6,14.0,1.603579175704989,1.603579175704989,1.3731019522776573,1.603579175704989,44.0,4.970588235294118,68.6,2.0588235294117645,0.1470588235294117,0.0,44.625,5.014705882352941,63.349999999999994,2.0808823529411766,0.088235294117647,1.0
2026-08-29 16:30:00,Borussia Dortmund,Hamburger,2,0,False,923,1634.9506153292464,1461.390805888655,173.55980944059138,14.0,2.0,1.0,1.8,2.4,14.0,1.6,1.8,1.4,2.4,53.3,3.588235294117647,72.1,1.8529411764705883,0.0588235294117647,0.0,45.4,4.852941176470588,67.3,2.294117647058824,0.2352941176470588,0.0
2026-08-30 13:30:00,SC Freiburg,Werder Bremen,4,1,False,924,1505.3913740882822,1436.7018835481472,68.68949054013501,14.0,1.8,2.0,1.4,1.8,14.0,1.0,1.6,0.8,1.2,48.2,4.617647058823529,63.7,1.5,0.088235294117647,0.0,51.2,5.029411764705882,64.9,2.264705882352941,0.1470588235294117,0.0
2026-08-30 15:30:00,Augsburg,Schalke 04,3,0,False,925,1482.5696852794738,1450.0,32.56968527947379,14.0,1.8,1.6,2.0,2.0,14.0,1.6021621621621622,1.6021621621621622,1.372972972972973,1.6021621621621622,44.0,4.882352941176471,63.3,2.411764705882353,0.0294117647058823,0.0,44.625,5.014705882352941,63.349999999999994,2.0808823529411766,0.088235294117647,1.0
2026-09-04 18:30:00,VfB Stuttgart,1. Köln,4,1,False,926,1578.961085804759,1436.8672402865886,142.09384551817038,7.0,2.0,2.4,1.2,1.8,6.208333333333333,1.6,2.8,0.8,2.2,57.7,4.617647058823529,68.8,1.8529411764705883,0.0588235294117647,0.0,47.0,4.5588235294117645,59.4,1.8823529411764703,0.088235294117647,0.0
2026-09-05 13:30:00,SC Paderborn 07,SC Freiburg,0,1,False,927,1453.373738085041,1516.4713337861317,-63.09759570109077,7.0,1.6030204962243797,1.6030204962243797,1.3732470334412081,1.6030204962243797,6.0,2.2,2.0,1.4,2.0,44.625,5.014705882352941,63.349999999999994,2.0808823529411766,0.088235294117647,1.0,48.2,4.617647058823529,63.7,1.5,0.088235294117647,0.0
2026-09-05 13:30:00,Borussia Mönchengladbach,07 Elversberg,3,4,False,928,1465.5489998410526,1462.133049671953,3.4159501690996876,7.0,1.2,1.2,1.4,2.0,7.0,1.6018318965517242,1.6018318965517242,1.3733836206896552,1.6018318965517242,46.7,5.5588235294117645,72.0,1.7647058823529411,0.088235294117647,0.0,44.625,5.014705882352941,63.349999999999994,2.0808823529411766,0.088235294117647,1.0
2026-09-05 13:30:00,Bayer 04 Leverkusen,1. Union Berlin,4,0,False,929,1578.1323773424017,1455.2994570397032,122.83292030269854,7.0,2.0,1.8,1.4,2.6,7.0,2.6,1.8,1.6,2.2,59.2,4.911764705882353,71.9,2.0588235294117645,0.0588235294117647,0.0,40.2,4.411764705882353,61.3,2.088235294117647,0.088235294117647,0.0
2026-09-05 13:30:00,Werder Bremen,RB Leipzig,3,1,False,930,1425.6219238502977,1581.1294386440097,-155.50751479371206,6.0,0.6,2.2,0.2,1.0,7.0,2.0,2.0,1.8,2.2,51.2,5.029411764705882,64.9,2.264705882352941,0.1470588235294117,0.0,54.0,3.823529411764706,63.8,1.5294117647058822,0.0,0.0
2026-09-05 13:30:00,TSG 1899 Hoffenheim,Borussia Dortmund,2,3,False,931,1527.4616399069193,1641.5186556962865,-114.05701578936714,7.0,1.6,2.2,1.4,1.6,6.875,2.2,0.6,2.4,0.8,55.3,4.411764705882353,65.3,2.147058823529412,0.088235294117647,0.0,53.3,3.588235294117647,72.1,1.8529411764705883,0.0588235294117647,0.0
2026-09-05 16:30:00,Schalke 04,Bayern München,0,0,False,932,1437.2892487841045,1738.2712575880378,-300.98200880393324,6.041666666666667,1.60568669527897,1.60568669527897,1.3739270386266094,1.60568669527897,7.916666666666667,3.6,1.6,2.6,1.2,44.625,5.014705882352941,63.349999999999994,2.0808823529411766,0.088235294117647,1.0,67.5,3.088235294117647,65.7,1.7058823529411764,0.0588235294117647,0.0
2026-09-06 13:30:00,Hamburger,1. FSV Mainz 05,0,5,False,933,1454.8227655216149,1503.6199480935525,-48.79718257193758,7.875,1.4,1.6,1.4,1.2,8.0,1.6,1.6,1.4,0.6,45.4,4.852941176470588,67.3,2.294117647058824,0.2352941176470588,0.0,44.0,4.970588235294118,68.6,2.0588235294117645,0.1470588235294117,0.0
2026-09-06 15:30:00,Eintracht Frankfurt,Augsburg,1,4,False,934,1503.1437987516254,1495.2804364953693,7.863362256256096,8.083333333333334,1.8,2.2,0.6,1.4,7.0,2.0,1.4,2.0,1.8,55.0,4.823529411764706,60.4,1.8235294117647056,0.1176470588235294,0.0,44.0,4.882352941176471,63.3,2.411764705882353,0.0294117647058823,0.0
2026-09-11 18:30:00,1. Union Berlin,Schalke 04,1,3,False,935,1445.801872074906,1443.199309843729,2.6025622311769894,6.208333333333333,2.4,2.0,1.6,2.2,6.083333333333333,1.6058823529411765,1.6058823529411765,1.3737967914438503,1.6058823529411765,40.2,4.411764705882353,61.3,2.088235294117647,0.088235294117647,0.0,44.625,5.014705882352941,63.349999999999994,2.0808823529411766,0.088235294117647,1.0
2026-09-12 13:30:00,SC Freiburg,Borussia Mönchengladbach,5,0,False,936,1526.5260888361593,1453.6048941780907,72.92119465806854,7.0,2.4,1.2,2.0,2.6,7.0,1.8,2.0,1.2,2.0,48.2,4.617647058823529,63.7,1.5,0.088235294117647,0.0,46.7,5.5588235294117645,72.0,1.7647058823529411,0.088235294117647,0.0
2026-09-12 13:30:00,1. FSV Mainz 05,Eintracht Frankfurt,1,3,False,937,1524.5519816556941,1482.026615345312,42.525366310382196,6.0,2.0,0.8,2.0,1.2,5.916666666666667,1.8,2.8,0.4,2.0,44.0,4.970588235294118,68.6,2.0588235294117645,0.1470588235294117,0.0,55.0,4.823529411764706,60.4,1.8235294117647056,0.1176470588235294,0.0
2026-09-12 13:30:00,TSG 1899 Hoffenheim,VfB Stuttgart,2,1,False,938,1518.864305174858,1587.1118354057974,-68.24753023093945,7.0,1.6,2.6,0.8,1.8,7.791666666666667,2.6,2.4,1.6,3.2,55.3,4.411764705882353,65.3,2.147058823529412,0.088235294117647,0.0,57.7,4.617647058823529,68.8,1.8529411764705883,0.0588235294117647,0.0
2026-09-12 13:30:00,Borussia Dortmund,SC Paderborn 07,3,0,False,939,1650.115990428348,1443.3189830350134,206.79700739333452,7.0,2.0,1.0,2.4,2.4,7.0,1.6075612353567625,1.6075612353567625,1.3743343982960596,1.6075612353567625,53.3,3.588235294117647,72.1,1.8529411764705883,0.0588235294117647,0.0,44.625,5.014705882352941,63.349999999999994,2.0808823529411766,0.088235294117647,1.0
2026-09-12 13:30:00,Augsburg,Bayer 04 Leverkusen,2,2,False,940,1516.3976199016827,1587.6299623071989,-71.23234240551619,5.916666666666667,2.6,1.4,2.4,2.2,7.0,2.4,1.6,1.4,2.0,44.0,4.882352941176471,63.3,2.411764705882353,0.0294117647058823,0.0,59.2,4.911764705882353,71.9,2.0588235294117645,0.0588235294117647,0.0
2026-09-12 16:30:00,1. Köln,Werder Bremen,1,1,False,941,1428.7164906855503,1446.0118487012962,-17.295358015745933,7.916666666666667,1.6,3.2,0.8,2.2,7.125,1.0,2.2,0.6,1.8,47.0,4.5588235294117645,59.4,1.8823529411764703,0.088235294117647,0.0,51.2,5.029411764705882,64.9,2.264705882352941,0.1470588235294117,0.0
2026-09-13 13:30:00,RB Leipzig,Hamburger,5,0,False,942,1560.7395137930112,1433.8907319594732,126.84878183353794,8.0,1.6,2.4,1.2,2.8,7.0,1.2,2.2,1.4,2.2,54.0,3.823529411764706,63.8,1.5294117647058822,0.0,0.0,45.4,4.852941176470588,67.3,2.294117647058824,0.2352941176470588,0.0
2026-09-13 15:30:00,07 Elversberg,Bayern München,1,2,False,943,1474.0771553349148,1732.3611965284133,-258.2840411934985,8.083333333333334,1.6081654294803818,1.6081654294803818,1.3738069989395547,1.6081654294803818,7.958333333333333,2.8,1.0,2.2,1.0,44.625,5.014705882352941,63.349999999999994,2.0808823529411766,0.088235294117647,1.0,67.5,3.088235294117647,65.7,1.7058823529411764,0.0588235294117647,0.0
2026-09-18 18:30:00,Bayern München,1. Union Berlin,7,0,False,944,1737.308805675546,1426.4293222924584,310.8794833830875,5.125,2.6,0.6,2.6,4.2,7.0,2.2,2.2,1.4,3.0,67.5,3.088235294117647,65.7,1.7058823529411764,0.0588235294117647,0.0,40.2,4.411764705882353,61.3,2.088235294117647,0.088235294117647,0.0
2026-09-19 13:30:00,Hamburger,1. Köln,2,1,False,945,1423.9338553201674,1427.3520046901863,-3.4181493700189094,6.0,0.8,3.0,0.8,1.2,6.875,1.4,3.0,0.8,2.8,45.4,4.852941176470588,67.3,2.294117647058824,0.2352941176470588,0.0,47.0,4.5588235294117645,59.4,1.8823529411764703,0.088235294117647,0.0
2026-09-19 13:30:00,Borussia Mönchengladbach,1. FSV Mainz 05,3,4,False,946,1441.1519468184633,1503.427524691532,-62.27557787306864,7.0,1.6,3.0,0.6,2.2,7.0,1.8,1.2,1.4,0.6,46.7,5.5588235294117645,72.0,1.7647058823529411,0.088235294117647,0.0,44.0,4.970588235294118,68.6,2.0588235294117645,0.1470588235294117,0.0
2026-09-19 13:30:00,Werder Bremen,Augsburg,3,2,False,947,1447.3763346966603,1516.5769818979177,-69.20064720125742,6.875,1.0,1.8,0.8,1.6,7.0,2.4,1.6,2.0,1.6,51.2,5.029411764705882,64.9,2.264705882352941,0.1470588235294117,0.0,44.0,4.882352941176471,63.3,2.411764705882353,0.0294117647058823,0.0
2026-09-19 13:30:00,Eintracht Frankfurt,SC Freiburg,2,2,False,948,1503.151072309474,1538.9790361957866,-35.827963886312546,7.0,2.2,2.6,1.0,1.4,7.0,3.2,1.0,2.4,1.6,55.0,4.823529411764706,60.4,1.8235294117647056,0.1176470588235294,0.0,48.2,4.617647058823529,63.7,1.5,0.088235294117647,0.0
2026-09-19 16:30:00,VfB Stuttgart,Borussia Dortmund,0,1,False,949,1577.0183666941384,1656.170608650511,-79.15224195637256,7.125,2.2,2.2,1.4,2.4,7.125,2.6,0.8,3.0,1.0,57.7,4.617647058823529,68.8,1.8529411764705883,0.0588235294117647,0.0,53.3,3.588235294117647,72.1,1.8529411764705883,0.0588235294117647,0.0
2026-09-20 13:30:00,Bayer 04 Leverkusen,RB Leipzig,2,0,False,950,1587.4506003109639,1570.696390432317,16.75420987864686,8.0,2.0,1.8,1.0,3.2,7.0,2.4,1.6,1.8,2.6,59.2,4.911764705882353,71.9,2.0588235294117645,0.0588235294117647,0.0,54.0,3.823529411764706,63.8,1.5294117647058822,0.0,0.0
2026-09-20 15:30:00,Schalke 04,07 Elversberg,0,0,False,951,1462.5718596261765,1469.1295461877821,-6.557686561605578,8.875,1.0,1.3333333333333333,1.3333333333333333,1.6114616193480547,7.0,2.6666666666666665,2.3333333333333335,2.0,1.6114616193480547,44.625,5.014705882352941,63.349999999999994,2.0808823529411766,0.088235294117647,1.0,44.625,5.014705882352941,63.349999999999994,2.0808823529411766,0.088235294117647,1.0
2026-09-20 17:30:00,SC Paderborn 07,TSG 1899 Hoffenheim,3,1,False,952,1437.2643648128503,1528.9577738865169,-91.69340907366654,8.166666666666666,0.0,1.3333333333333333,0.3333333333333333,1.6097689075630253,8.166666666666666,1.4,2.2,1.2,3.0,44.625,5.014705882352941,63.349999999999994,2.0808823529411766,0.088235294117647,1.0,55.3,4.411764705882353,65.3,2.147058823529412,0.088235294117647,0.0
