Date,HomeTeam,AwayTeam,FTHG,FTAG
2026-08-28 18:30:00,Bayern München,VfB Stuttgart,5,1
2026-08-29 13:30:00,RB Leipzig,Borussia Mönchengladbach,3,0
2026-08-29 13:30:00,1. FSV Mainz 05,SC Paderborn 07,0,0
2026-08-29 13:30:00,1. Union Berlin,Eintracht Frankfurt,3,3
2026-08-29 13:30:00,07 Elversberg,Bayer 04 Leverkusen,3,2
2026-08-29 13:30:00,1. Köln,TSG 1899 Hoffenheim,3,2
2026-08-29 16:30:00,Borussia Dortmund,Hamburger,2,0
2026-08-30 13:30:00,SC Freiburg,Werder Bremen,4,1
2026-08-30 15:30:00,Augsburg,Schalke 04,3,0
2026-09-04 18:30:00,VfB Stuttgart,1. Köln,4,1
2026-09-05 13:30:00,Werder Bremen,RB Leipzig,3,1
2026-09-05 13:30:00,TSG 1899 Hoffenheim,Borussia Dortmund,2,3
2026-09-05 13:30:00,Bayer 04 Leverkusen,1. Union Berlin,4,0
2026-09-05 13:30:00,Borussia Mönchengladbach,07 Elversberg,3,4
2026-09-05 13:30:00,SC Paderborn 07,SC Freiburg,0,1
2026-09-05 16:30:00,Schalke 04,Bayern München,0,0
2026-09-06 13:30:00,Hamburger,1. FSV Mainz 05,0,5
2026-09-06 15:30:00,Eintracht Frankfurt,Augsburg,1,4
2026-09-11 18:30:00,1. Union Berlin,Schalke 04,1,3
2026-09-12 13:30:00,TSG 1899 Hoffenheim,VfB Stuttgart,2,1
2026-09-12 13:30:00,Borussia Dortmund,SC Paderborn 07,3,0
2026-09-12 13:30:00,Augsburg,Bayer 04 Leverkusen,2,2
2026-09-12 13:30:00,1. FSV Mainz 05,Eintracht Frankfurt,1,3
2026-09-12 13:30:00,SC Freiburg,Borussia Mönchengladbach,5,0
2026-09-12 16:30:00,1. Köln,Werder Bremen,1,1
2026-09-13 13:30:00,RB Leipzig,Hamburger,5,0
2026-09-13 15:30:00,07 Elversberg,Bayern München,1,2
2026-09-18 18:30:00,Bayern München,1. Union Berlin,7,0
2026-09-19 13:30:00,Hamburger,1. Köln,2,1
2026-09-19 13:30:00,Borussia Mönchengladbach,1. FSV Mainz 05,3,4
2026-09-19 13:30:00,Werder Bremen,Augsburg,3,2
2026-09-19 13:30:00,Eintracht Frankfurt,SC Freiburg,2,2
2026-09-19 16:30:00,VfB Stuttgart,Borussia Dortmund,0,1
2026-09-20 13:30:00,Bayer 04 Leverkusen,RB Leipzig,2,0
2026-09-20 15:30:00,Schalke 04,07 Elversberg,0,0
2026-09-20 17:30:00,SC Paderborn 07,TSG 1899 Hoffenheim,3,1
